ward_id,ward_no,latitude,longitude,population,elderly_pct,outdoor_worker_pct,informal_housing_pct,population_density,modeled,demographics_source,geometry_source
W01,1,22.62645,88.3737,33979,15.8,13.5,10.2,10832.0,1,synthetic,kmc_geojson
W02,2,22.6245,88.38556,79855,13.6,21.3,20.3,28730.0,1,synthetic,kmc_geojson
W03,3,22.60782,88.38953,71856,13.9,9.5,4.6,14803.0,1,synthetic,kmc_geojson
W04,4,22.61533,88.3849,57404,7.3,27.9,8.7,17077.0,1,synthetic,kmc_geojson
W05,5,22.60541,88.38197,57012,10.5,23.2,28.3,9472.0,1,synthetic,kmc_geojson
W06,6,22.61591,88.37209,85526,9.7,26.2,30.6,18500.0,1,synthetic,kmc_geojson
W07,7,22.60488,88.36899,33758,15.3,16.5,38.8,4825.0,1,synthetic,kmc_geojson
W08,8,22.60096,88.36564,74723,12.4,31.3,15.1,12049.0,1,synthetic,kmc_geojson
W09,9,22.59868,88.36141,41498,14.2,29.4,16.7,10711.0,1,synthetic,kmc_geojson
W10,10,22.59847,88.36985,34309,10.4,26.7,20.4,4906.0,1,synthetic,kmc_geojson
W11,11,22.59566,88.37332,61856,11.7,10.5,33.6,13189.0,1,synthetic,kmc_geojson
W12,12,22.59892,88.3768,71704,14.8,9.2,20.9,9491.0,1,synthetic,kmc_geojson
W13,13,22.59657,88.38476,54887,14.3,28.2,26.2,8411.0,1,synthetic,kmc_geojson
W14,14,22.5883,88.38429,30932,11.0,23.2,23.3,7239.0,1,synthetic,kmc_geojson
W15,15,22.5893,88.3776,66669,7.2,19.9,19.9,11273.0,1,synthetic,kmc_geojson
W16,16,22.58986,88.3725,29341,11.0,25.5,10.5,10709.0,1,synthetic,kmc_geojson
W17,17,22.59234,88.36722,46530,15.2,8.1,19.3,19523.0,1,synthetic,kmc_geojson
W18,18,22.59334,88.36274,84227,14.8,28.5,18.0,12863.0,1,synthetic,kmc_geojson
W19,19,22.59654,88.35776,59120,12.7,25.3,10.8,10443.0,1,synthetic,kmc_geojson
W20,20,22.59386,88.35671,67338,12.6,21.0,4.2,16833.0,1,synthetic,kmc_geojson
W21,21,22.59012,88.35321,92636,14.3,24.4,21.6,15065.0,1,synthetic,kmc_geojson
W22,22,22.58476,88.35185,43055,12.9,22.2,24.9,5910.0,1,synthetic,kmc_geojson
W23,23,22.58427,88.35634,84715,12.2,18.7,37.1,26465.0,1,synthetic,kmc_geojson
W24,24,22.58921,88.35737,78370,10.0,20.0,23.8,15775.0,1,synthetic,kmc_geojson
W25,25,22.58509,88.36255,53459,10.0,8.2,17.3,20297.0,1,synthetic,kmc_geojson
W26,26,22.5884,88.36399,45667,10.9,23.7,3.1,12112.0,1,synthetic,kmc_geojson
W27,27,22.58518,88.37116,46345,14.8,31.6,6.2,12753.0,1,synthetic,kmc_geojson
W28,28,22.58028,88.37637,56138,12.4,18.4,12.3,10577.0,1,synthetic,kmc_geojson
W29,29,22.57683,88.38001,70831,14.3,11.0,19.0,10208.0,1,synthetic,kmc_geojson
W30,30,22.57643,88.38549,58219,11.0,23.3,9.3,24328.0,1,synthetic,kmc_geojson
W31,31,22.5757,88.39589,37863,11.4,18.6,35.0,9745.0,1,synthetic,kmc_geojson
W32,32,22.58561,88.39274,92006,13.0,12.0,3.9,35397.0,1,synthetic,kmc_geojson
W33,33,22.56528,88.40034,54061,12.9,19.3,24.8,21741.0,1,synthetic,kmc_geojson
W34,34,22.56407,88.39029,87757,8.2,11.5,28.7,19691.0,1,synthetic,kmc_geojson
W35,35,22.56901,88.38426,40689,15.3,27.7,14.5,11544.0,1,synthetic,kmc_geojson
W36,36,22.56879,88.37479,46668,8.2,19.6,23.9,6508.0,1,synthetic,kmc_geojson
W37,37,22.57448,88.37048,80041,12.6,26.1,31.4,16325.0,1,synthetic,kmc_geojson
W38,38,22.58018,88.36992,46661,9.6,10.9,32.0,12331.0,1,synthetic,kmc_geojson
W39,39,22.58002,88.36332,87958,8.8,10.0,9.6,17415.0,1,synthetic,kmc_geojson
W40,40,22.57499,88.36565,56273,15.9,28.4,29.9,14615.0,1,synthetic,kmc_geojson
W41,41,22.58194,88.35959,58612,12.8,18.4,36.8,8614.0,1,synthetic,kmc_geojson
W42,42,22.57997,88.3539,28273,8.8,26.6,6.5,12768.0,1,synthetic,kmc_geojson
W43,43,22.57675,88.35701,56301,13.3,10.4,15.8,9869.0,1,synthetic,kmc_geojson
W44,44,22.57435,88.35929,48697,13.5,13.7,35.5,22888.0,1,synthetic,kmc_geojson
W45,45,22.5716,88.34693,64707,9.6,29.9,11.4,14364.0,1,synthetic,kmc_geojson
W46,46,22.56356,88.35092,91767,15.3,10.8,10.0,17944.0,1,synthetic,kmc_geojson
W47,47,22.56759,88.35797,28941,15.7,20.9,36.8,10781.0,1,synthetic,kmc_geojson
W48,48,22.56935,88.36322,84159,8.7,14.7,28.8,12436.0,1,synthetic,kmc_geojson
W49,49,22.56969,88.36819,54779,13.3,15.2,16.8,11732.0,1,synthetic,kmc_geojson
W50,50,22.56405,88.36576,63853,8.0,9.2,37.9,9563.0,1,synthetic,kmc_geojson
W51,51,22.56405,88.36119,59490,8.2,24.3,33.9,16159.0,1,synthetic,kmc_geojson
W52,52,22.56008,88.35652,60527,13.7,9.2,23.9,12436.0,1,synthetic,kmc_geojson
W53,53,22.55888,88.36241,83254,15.5,16.1,33.2,29153.0,1,synthetic,kmc_geojson
W54,54,22.555,88.3679,91323,11.0,20.8,24.9,15238.0,1,synthetic,kmc_geojson
W55,55,22.559,88.37228,94327,9.1,31.3,24.3,32231.0,1,synthetic,kmc_geojson
W56,56,22.55714,88.37862,67742,8.8,28.5,13.9,12516.0,1,synthetic,kmc_geojson
W57,57,22.55583,88.40118,74913,10.5,19.7,25.4,12653.0,1,synthetic,kmc_geojson
W58,58,22.54101,88.40872,91172,12.4,27.5,3.6,20158.0,1,synthetic,kmc_geojson
W59,59,22.5439,88.37891,90496,15.2,16.4,30.3,12995.0,1,synthetic,kmc_geojson
W60,60,22.54874,88.36761,94858,13.5,8.8,32.8,11939.0,1,synthetic,kmc_geojson
W61,61,22.54975,88.36098,31126,14.8,13.0,9.8,4728.0,1,synthetic,kmc_geojson
W62,62,22.55535,88.36012,30262,13.6,9.4,14.2,10226.0,1,synthetic,kmc_geojson
W63,63,22.54725,88.34678,66906,10.3,15.7,11.2,23175.0,1,synthetic,kmc_geojson
W64,64,22.54177,88.3666,35943,15.5,20.8,4.1,10441.0,1,synthetic,kmc_geojson
W65,65,22.53442,88.37158,85872,12.1,16.3,15.6,20569.0,1,synthetic,kmc_geojson
W66,66,22.53245,88.38617,79000,10.5,20.7,18.8,13041.0,1,synthetic,kmc_geojson
W67,67,22.5236,88.38071,36473,12.8,20.2,32.4,4851.0,1,synthetic,kmc_geojson
W68,68,22.52316,88.36916,36451,13.5,14.3,32.7,6313.0,1,synthetic,kmc_geojson
W69,69,22.53236,88.35905,35068,11.7,28.5,24.2,4398.0,1,synthetic,kmc_geojson
W70,70,22.53658,88.35023,50903,10.8,17.8,11.6,7673.0,1,synthetic,kmc_geojson
W71,71,22.53697,88.34143,84614,15.1,12.9,30.6,18616.0,1,synthetic,kmc_geojson
W72,72,22.5281,88.34944,48101,11.1,21.4,5.7,22535.0,1,synthetic,kmc_geojson
W73,73,22.52812,88.34298,75182,11.4,22.1,31.3,10163.0,1,synthetic,kmc_geojson
W74,74,22.52729,88.33192,64920,15.4,22.4,14.4,10200.0,1,synthetic,kmc_geojson
W75,75,22.54648,88.32626,68406,15.6,25.3,39.4,21895.0,1,synthetic,kmc_geojson
W76,76,22.5419,88.32163,31391,12.5,18.0,13.4,10103.0,1,synthetic,kmc_geojson
W77,77,22.53699,88.32404,73324,10.3,12.3,14.3,16551.0,1,synthetic,kmc_geojson
W78,78,22.53075,88.32238,58215,7.4,30.4,35.4,15258.0,1,synthetic,kmc_geojson
W79,79,22.5271,88.31603,37355,7.0,23.6,12.7,7821.0,1,synthetic,kmc_geojson
W80,80,22.53092,88.30394,65212,9.0,11.2,36.2,9979.0,1,synthetic,kmc_geojson
W81,81,22.50953,88.33459,68840,6.1,12.9,3.8,16240.0,1,synthetic,kmc_geojson
W82,82,22.51573,88.33716,35984,14.5,17.8,39.1,9746.0,1,synthetic,kmc_geojson
W83,83,22.52024,88.34333,61524,8.2,22.5,34.1,22256.0,1,synthetic,kmc_geojson
W84,84,22.52047,88.34936,50875,7.6,31.7,18.1,9808.0,1,synthetic,kmc_geojson
W85,85,22.52119,88.35677,78408,10.9,13.7,33.6,21293.0,1,synthetic,kmc_geojson
W86,86,22.51902,88.3619,61804,12.4,25.0,36.4,22293.0,1,synthetic,kmc_geojson
W87,87,22.51232,88.34979,30239,6.4,30.3,34.9,8391.0,1,synthetic,kmc_geojson
W88,88,22.51306,88.34329,48365,7.3,17.2,10.3,15524.0,1,synthetic,kmc_geojson
W89,89,22.50415,88.34854,65733,15.6,25.0,4.2,10732.0,1,synthetic,kmc_geojson
W90,90,22.51291,88.36185,55995,12.1,11.8,19.5,11643.0,1,synthetic,kmc_geojson
W91,91,22.51495,88.37791,45892,15.3,18.1,39.2,13708.0,1,synthetic,kmc_geojson
W92,92,22.50479,88.37287,55775,8.1,15.1,20.5,7147.0,1,synthetic,kmc_geojson
W93,93,22.50322,88.36193,49962,14.0,17.1,18.4,7139.0,1,synthetic,kmc_geojson
W94,94,22.4955,88.35276,34252,7.5,14.9,17.0,6530.0,1,synthetic,kmc_geojson
W95,95,22.49039,88.35938,74688,12.2,26.7,25.5,11144.0,1,synthetic,kmc_geojson
W96,96,22.48964,88.36836,67395,14.0,21.5,35.4,9554.0,1,synthetic,kmc_geojson
W97,97,22.48746,88.34707,63545,7.7,27.1,34.1,19049.0,1,synthetic,kmc_geojson
W98,98,22.47966,88.36,32961,6.9,16.9,3.5,4891.0,1,synthetic,kmc_geojson
W99,99,22.48169,88.36986,72879,12.5,15.9,17.4,13214.0,1,synthetic,kmc_geojson
W100,100,22.4728,88.37135,66894,10.8,15.8,4.5,26864.0,1,synthetic,kmc_geojson
W101,101,22.4772,88.38257,82008,11.4,13.9,16.0,33340.0,1,synthetic,kmc_geojson
W102,102,22.48843,88.37732,33552,12.9,24.9,7.6,5139.0,1,synthetic,kmc_geojson
W103,103,22.49064,88.38392,49723,14.5,29.2,7.9,12932.0,1,synthetic,kmc_geojson
W104,104,22.49714,88.38339,64121,12.4,12.3,29.0,8960.0,1,synthetic,kmc_geojson
W105,105,22.50632,88.38119,36838,14.3,8.9,13.9,5993.0,1,synthetic,kmc_geojson
W106,106,22.50462,88.39188,85001,15.7,9.4,14.1,11304.0,1,synthetic,kmc_geojson
W107,107,22.51689,88.39319,44450,15.9,9.0,25.4,8421.0,1,synthetic,kmc_geojson
W108,108,22.5189,88.42295,47349,9.9,19.7,19.9,6147.0,1,synthetic,kmc_geojson
W109,109,22.48687,88.40208,54064,8.4,26.4,11.0,25909.0,1,synthetic,kmc_geojson
W110,110,22.4703,88.38822,33543,14.6,16.2,8.4,5473.0,1,synthetic,kmc_geojson
W111,111,22.45897,88.37077,39704,9.3,17.7,5.0,9576.0,1,synthetic,kmc_geojson
W112,112,22.46685,88.36213,49472,14.1,29.4,38.6,10101.0,1,synthetic,kmc_geojson
W113,113,22.46644,88.35225,41850,8.0,30.0,21.3,7899.0,1,synthetic,kmc_geojson
W114,114,22.46772,88.34414,56441,7.7,10.0,21.7,9566.0,1,synthetic,kmc_geojson
W115,115,22.48136,88.33929,70911,10.3,14.1,22.1,24125.0,1,synthetic,kmc_geojson
W116,116,22.49567,88.335,69015,9.9,31.6,29.8,13839.0,1,synthetic,kmc_geojson
W117,117,22.50223,88.33623,86266,6.8,27.1,38.8,13845.0,1,synthetic,kmc_geojson
W118,118,22.50515,88.32817,38152,15.6,29.8,12.2,12633.0,1,synthetic,kmc_geojson
W119,119,22.50598,88.32248,70913,9.2,27.3,3.3,29988.0,1,synthetic,kmc_geojson
W120,120,22.49756,88.32192,28265,7.2,18.0,22.7,4067.0,1,synthetic,kmc_geojson
W121,121,22.4908,88.32548,28278,8.5,20.6,29.2,7180.0,1,synthetic,kmc_geojson
W122,122,22.47705,88.33018,84486,6.7,24.9,19.0,24546.0,1,synthetic,kmc_geojson
W123,123,22.47934,88.3179,53168,11.6,24.8,12.4,14539.0,1,synthetic,kmc_geojson
W124,124,22.46571,88.31499,58490,13.9,21.5,22.5,7706.0,1,synthetic,kmc_geojson
W125,125,22.4666,88.30216,86402,12.7,8.2,30.5,14836.0,1,synthetic,kmc_geojson
W126,126,22.47164,88.29691,66433,10.0,31.3,19.7,8756.0,1,synthetic,kmc_geojson
W127,127,22.48006,88.28528,74311,13.8,16.3,38.8,10955.0,1,synthetic,kmc_geojson
W128,128,22.48806,88.30122,81688,10.2,9.3,25.2,11309.0,1,synthetic,kmc_geojson
W129,129,22.49641,88.30056,72051,6.1,23.3,22.1,28472.0,1,synthetic,kmc_geojson
W130,130,22.49738,88.31239,79137,10.1,21.3,6.2,29607.0,1,synthetic,kmc_geojson
W131,131,22.50743,88.30507,36519,7.2,22.6,23.3,4932.0,1,synthetic,kmc_geojson
W132,132,22.50878,88.31264,85749,7.5,26.9,6.4,13612.0,1,synthetic,kmc_geojson
W133,133,22.5415,88.28717,55729,7.4,10.4,5.5,8370.0,1,synthetic,kmc_geojson
W134,134,22.54526,88.29101,49570,9.0,29.8,33.1,9579.0,1,synthetic,kmc_geojson
W135,135,22.54748,88.28568,39049,9.3,25.8,35.0,10704.0,1,synthetic,kmc_geojson
W136,136,22.54292,88.28167,40984,11.8,13.8,21.4,8796.0,1,synthetic,kmc_geojson
W137,137,22.55056,88.27813,38310,15.3,21.8,12.7,4943.0,1,synthetic,kmc_geojson
W138,138,22.54856,88.26922,28851,11.9,29.9,12.0,4085.0,1,synthetic,kmc_geojson
W139,139,22.5403,88.26861,46646,14.4,18.3,29.6,11262.0,1,synthetic,kmc_geojson
W140,140,22.54584,88.25938,54535,15.8,24.7,3.3,10780.0,1,synthetic,kmc_geojson
W141,141,22.55241,88.25307,91362,11.3,25.7,26.3,15877.0,1,synthetic,kmc_geojson
